{
  "January": {
    "gross_profit": 3793.56,
    "gross_loss": -7180.090000000001,
    "gross_reward": 10,
    "gross_risk": 31,
    "net_profit": -3386.530000000001,
    "net_reward": -21
  },
  "February": {
    "gross_profit": 6146.860000000001,
    "gross_loss": -6668.0199999999995,
    "gross_reward": 16,
    "gross_risk": 12,
    "net_profit": -521.159999999999,
    "net_reward": 4
  },
  "March": {
    "gross_profit": 13172.42,
    "gross_loss": -5999.4,
    "gross_reward": 24,
    "gross_risk": 9,
    "net_profit": 7173.02,
    "net_reward": 15
  },
  "April": {
    "gross_profit": 11659.44,
    "gross_loss": -2228.06,
    "gross_reward": 18,
    "gross_risk": 4,
    "net_profit": 9431.380000000001,
    "net_reward": 14
  },
  "May": {
    "gross_profit": 6076.160000000001,
    "gross_loss": -11623.080000000002,
    "gross_reward": 12,
    "gross_risk": 15,
    "net_profit": -5546.920000000001,
    "net_reward": -3
  },
  "June": {
    "gross_profit": 12088.69,
    "gross_loss": -10948.4,
    "gross_reward": 20,
    "gross_risk": 25,
    "net_profit": 1140.2900000000009,
    "net_reward": -5
  },
  "July": {
    "gross_profit": 11108.990000000002,
    "gross_loss": -11542.279999999999,
    "gross_reward": 26,
    "gross_risk": 35,
    "net_profit": -433.28999999999724,
    "net_reward": -9
  },
  "August": {
    "gross_profit": 1584.69,
    "gross_loss": -4275.33,
    "gross_reward": 4,
    "gross_risk": 11,
    "net_profit": -2690.64,
    "net_reward": -7
  },
  "September": {
    "gross_profit": 15378.26,
    "gross_loss": -13070.41,
    "gross_reward": 16,
    "gross_risk": 13,
    "net_profit": 2307.8500000000004,
    "net_reward": 3
  },
  "October": {
    "gross_profit": 10211.1,
    "gross_loss": -16322.609999999999,
    "gross_reward": 10,
    "gross_risk": 21,
    "net_profit": -6111.509999999998,
    "net_reward": -11
  },
  "November": {
    "gross_profit": 10135.35,
    "gross_loss": -8703.170000000002,
    "gross_reward": 16,
    "gross_risk": 13,
    "net_profit": 1432.1799999999985,
    "net_reward": 3
  },
  "December": {
    "gross_profit": 7266.950000000001,
    "gross_loss": -6869.009999999999,
    "gross_reward": 8,
    "gross_risk": 13,
    "net_profit": 397.9400000000014,
    "net_reward": -5
  }
}