{
  "winning_trades": 57,
  "losing_trades": 125,
  "winning_trades_percentage": 31.318681318681318,
  "losing_trades_percentage": 68.68131868131869,
  "reward": 114,
  "loss": 125,
  "reward_percentage": 47.69874476987448,
  "loss_percentage": 52.30125523012552,
  "net_winnings": -68,
  "net_rewards": -11
}