{
  "January": {
    "gross_profit": 2399.76,
    "gross_loss": -4307.650000000001,
    "gross_reward": 4,
    "gross_risk": 12,
    "net_profit": -1907.8900000000003,
    "net_reward": -8
  },
  "February": {
    "gross_profit": 15421.69,
    "gross_loss": -7939.610000000001,
    "gross_reward": 16,
    "gross_risk": 11,
    "net_profit": 7482.08,
    "net_reward": 5
  },
  "March": {
    "gross_profit": 14034.960000000003,
    "gross_loss": -11537.23,
    "gross_reward": 12,
    "gross_risk": 9,
    "net_profit": 2497.730000000003,
    "net_reward": 3
  },
  "April": {
    "gross_profit": 4550.05,
    "gross_loss": -4466.219999999999,
    "gross_reward": 4,
    "gross_risk": 4,
    "net_profit": 83.83000000000084,
    "net_reward": 0
  },
  "May": {
    "gross_profit": 3058.28,
    "gross_loss": -6117.569999999999,
    "gross_reward": 4,
    "gross_risk": 16,
    "net_profit": -3059.2899999999986,
    "net_reward": -12
  },
  "June": {
    "gross_profit": 1023.13,
    "gross_loss": -10174.74,
    "gross_reward": 2,
    "gross_risk": 8,
    "net_profit": -9151.61,
    "net_reward": -6
  },
  "July": {
    "gross_profit": 5108.58,
    "gross_loss": -2071.51,
    "gross_reward": 6,
    "gross_risk": 3,
    "net_profit": 3037.0699999999997,
    "net_reward": 3
  },
  "August": {
    "gross_profit": 5265.129999999999,
    "gross_loss": -7578.030000000001,
    "gross_reward": 10,
    "gross_risk": 20,
    "net_profit": -2312.9000000000015,
    "net_reward": -10
  },
  "September": {
    "gross_profit": 29.29,
    "gross_loss": -3858.2,
    "gross_reward": 2,
    "gross_risk": 5,
    "net_profit": -3828.91,
    "net_reward": -3
  },
  "October": {
    "gross_profit": 3721.8500000000004,
    "gross_loss": -7173.02,
    "gross_reward": 10,
    "gross_risk": 17,
    "net_profit": -3451.17,
    "net_reward": -7
  },
  "November": {
    "gross_profit": 14619.75,
    "gross_loss": -4830.83,
    "gross_reward": 10,
    "gross_risk": 9,
    "net_profit": 9788.92,
    "net_reward": 1
  },
  "December": {
    "gross_profit": 11175.650000000001,
    "gross_loss": -9848.509999999998,
    "gross_reward": 14,
    "gross_risk": 8,
    "net_profit": 1327.140000000003,
    "net_reward": 6
  }
}