{
  "winning_trades": 90,
  "losing_trades": 229,
  "winning_trades_percentage": 28.213166144200624,
  "losing_trades_percentage": 71.78683385579937,
  "reward": 180,
  "loss": 229,
  "reward_percentage": 44.00977995110024,
  "loss_percentage": 55.99022004889975,
  "net_winnings": -139,
  "net_rewards": -49
}