{
  "winning_trades": 75,
  "losing_trades": 185,
  "winning_trades_percentage": 28.846153846153843,
  "losing_trades_percentage": 71.15384615384616,
  "reward": 150,
  "loss": 185,
  "reward_percentage": 44.776119402985074,
  "loss_percentage": 55.223880597014926,
  "net_winnings": -110,
  "net_rewards": -35
}