{"winning_trades": 82, "losing_trades": 143, "winning_trades_percentage": 36.44444444444444, "losing_trades_percentage": 63.55555555555556, "reward": 164, "loss": 143, "reward_percentage": 53.420195439739416, "loss_percentage": 46.579804560260584, "net_winnings": -61, "net_rewards": 21}