{"winning_trades": 40, "losing_trades": 73, "winning_trades_percentage": 35.39823008849557, "losing_trades_percentage": 64.60176991150442, "reward": 80, "loss": 73, "reward_percentage": 52.28758169934641, "loss_percentage": 47.712418300653596, "net_winnings": -33, "net_rewards": 7}