{"winning_trades": 44, "losing_trades": 76, "winning_trades_percentage": 36.666666666666664, "losing_trades_percentage": 63.33333333333333, "reward": 88, "loss": 76, "reward_percentage": 53.65853658536586, "loss_percentage": 46.34146341463415, "net_winnings": -32, "net_rewards": 12}