{
  "Q1": {
    "gross_profit": 11850.330000000002,
    "gross_loss": -12889.619999999999,
    "gross_reward": 66,
    "gross_risk": 37,
    "net_profit": -1039.2899999999995,
    "net_reward": 29
  },
  "Q2": {
    "gross_profit": 15454.01,
    "gross_loss": -19605.11,
    "gross_reward": 102,
    "gross_risk": 83,
    "net_profit": -4151.0999999999985,
    "net_reward": 19
  },
  "Q3": {
    "gross_profit": 15671.16,
    "gross_loss": -22907.809999999998,
    "gross_reward": 74,
    "gross_risk": 61,
    "net_profit": -7236.65,
    "net_reward": 13
  },
  "Q4": {
    "gross_profit": 11739.230000000001,
    "gross_loss": -13359.27,
    "gross_reward": 52,
    "gross_risk": 60,
    "net_profit": -1620.0399999999993,
    "net_reward": -8
  }
}