{
  "winning_trades": 147,
  "losing_trades": 241,
  "winning_trades_percentage": 37.88659793814433,
  "losing_trades_percentage": 62.11340206185567,
  "reward": 294,
  "loss": 241,
  "reward_percentage": 54.953271028037385,
  "loss_percentage": 45.046728971962615,
  "net_winnings": -94,
  "net_rewards": 53
}