{
  "winning_trades": 124,
  "losing_trades": 179,
  "winning_trades_percentage": 40.92409240924093,
  "losing_trades_percentage": 59.07590759075908,
  "reward": 248,
  "loss": 179,
  "reward_percentage": 58.07962529274005,
  "loss_percentage": 41.92037470725995,
  "net_winnings": -55,
  "net_rewards": 69
}