{
  "January": {
    "gross_profit": 2996.2000000000003,
    "gross_loss": -6276.200000000001,
    "gross_reward": 4,
    "gross_risk": 13,
    "net_profit": -3280.0000000000005,
    "net_reward": -9
  },
  "February": {
    "gross_profit": 2940.7000000000003,
    "gross_loss": -6139.9,
    "gross_reward": 4,
    "gross_risk": 5,
    "net_profit": -3199.1999999999994,
    "net_reward": -1
  },
  "March": {
    "gross_profit": 0,
    "gross_loss": -3422.3,
    "gross_reward": 0,
    "gross_risk": 3,
    "net_profit": -3422.3,
    "net_reward": -3
  },
  "April": {
    "gross_profit": 14975.5,
    "gross_loss": -10544.600000000002,
    "gross_reward": 18,
    "gross_risk": 16,
    "net_profit": 4430.899999999998,
    "net_reward": 2
  },
  "May": {
    "gross_profit": 8568.6,
    "gross_loss": -11009.600000000002,
    "gross_reward": 12,
    "gross_risk": 10,
    "net_profit": -2441.000000000002,
    "net_reward": 2
  },
  "June": {
    "gross_profit": 9245.5,
    "gross_loss": -9239.099999999999,
    "gross_reward": 8,
    "gross_risk": 10,
    "net_profit": 6.400000000001455,
    "net_reward": -2
  },
  "July": {
    "gross_profit": 5127.6,
    "gross_loss": -8065.400000000002,
    "gross_reward": 4,
    "gross_risk": 9,
    "net_profit": -2937.800000000002,
    "net_reward": -5
  },
  "August": {
    "gross_profit": 6216.2,
    "gross_loss": -9352.100000000002,
    "gross_reward": 8,
    "gross_risk": 11,
    "net_profit": -3135.9000000000024,
    "net_reward": -3
  },
  "September": {
    "gross_profit": 8465.2,
    "gross_loss": -10157.900000000001,
    "gross_reward": 8,
    "gross_risk": 10,
    "net_profit": -1692.7000000000007,
    "net_reward": -2
  },
  "October": {
    "gross_profit": 5890.200000000001,
    "gross_loss": -12029.100000000002,
    "gross_reward": 8,
    "gross_risk": 18,
    "net_profit": -6138.9000000000015,
    "net_reward": -10
  },
  "November": {
    "gross_profit": 3658.9,
    "gross_loss": -4758.900000000001,
    "gross_reward": 2,
    "gross_risk": 3,
    "net_profit": -1100.0000000000005,
    "net_reward": -1
  },
  "December": {
    "gross_profit": 6220.6,
    "gross_loss": -11196.199999999999,
    "gross_reward": 6,
    "gross_risk": 6,
    "net_profit": -4975.5999999999985,
    "net_reward": 0
  }
}