{
  "January": {
    "gross_profit": 10027.4,
    "gross_loss": -12260.300000000001,
    "gross_reward": 14,
    "gross_risk": 19,
    "net_profit": -2232.9000000000015,
    "net_reward": -5
  },
  "February": {
    "gross_profit": 5431.400000000001,
    "gross_loss": -16116.6,
    "gross_reward": 8,
    "gross_risk": 14,
    "net_profit": -10685.2,
    "net_reward": -6
  },
  "March": {
    "gross_profit": 7911.300000000001,
    "gross_loss": -4664.200000000001,
    "gross_reward": 10,
    "gross_risk": 4,
    "net_profit": 3247.1000000000004,
    "net_reward": 6
  },
  "April": {
    "gross_profit": 16073.900000000001,
    "gross_loss": -12924.300000000003,
    "gross_reward": 20,
    "gross_risk": 21,
    "net_profit": 3149.5999999999985,
    "net_reward": -1
  },
  "May": {
    "gross_profit": 18318.4,
    "gross_loss": -22011.800000000007,
    "gross_reward": 36,
    "gross_risk": 23,
    "net_profit": -3693.400000000005,
    "net_reward": 13
  },
  "June": {
    "gross_profit": 12367.5,
    "gross_loss": -19204.399999999998,
    "gross_reward": 18,
    "gross_risk": 45,
    "net_profit": -6836.899999999998,
    "net_reward": -27
  },
  "July": {
    "gross_profit": 8747.400000000001,
    "gross_loss": -10005.900000000001,
    "gross_reward": 8,
    "gross_risk": 12,
    "net_profit": -1258.5,
    "net_reward": -4
  },
  "August": {
    "gross_profit": 9311.199999999999,
    "gross_loss": -18392.3,
    "gross_reward": 12,
    "gross_risk": 23,
    "net_profit": -9081.1,
    "net_reward": -11
  },
  "September": {
    "gross_profit": 11019.500000000002,
    "gross_loss": -12197.3,
    "gross_reward": 12,
    "gross_risk": 15,
    "net_profit": -1177.7999999999975,
    "net_reward": -3
  },
  "October": {
    "gross_profit": 8917.6,
    "gross_loss": -23026.2,
    "gross_reward": 12,
    "gross_risk": 32,
    "net_profit": -14108.6,
    "net_reward": -20
  },
  "November": {
    "gross_profit": 10746.0,
    "gross_loss": -7182.8,
    "gross_reward": 12,
    "gross_risk": 14,
    "net_profit": 3563.2,
    "net_reward": -2
  },
  "December": {
    "gross_profit": 12591.2,
    "gross_loss": -22386.6,
    "gross_reward": 8,
    "gross_risk": 28,
    "net_profit": -9795.399999999998,
    "net_reward": -20
  }
}