{"winning_trades": 6, "losing_trades": 15, "winning_trades_percentage": 28.57142857142857, "losing_trades_percentage": 71.42857142857143, "reward": 12, "loss": 15, "reward_percentage": 44.44444444444444, "loss_percentage": 55.55555555555556, "net_winnings": -9, "net_rewards": -3}