{"winning_trades": 15, "losing_trades": 27, "winning_trades_percentage": 35.714285714285715, "losing_trades_percentage": 64.28571428571429, "reward": 30, "loss": 27, "reward_percentage": 52.63157894736842, "loss_percentage": 47.368421052631575, "net_winnings": -12, "net_rewards": 3}